movieNm,movieCd,image,link,userRating
미션 임파서블: 폴아웃,20181181,https://ssl.pstatic.net/imgmovie/mdi/mit110/1542/154222_P07_114856.jpg,https://movie.naver.com/movie/bi/mi/basic.nhn?code=154222,9.12
인크레더블 2,20183361,https://ssl.pstatic.net/imgmovie/mdi/mit110/1369/136990_P27_140604.jpg,https://movie.naver.com/movie/bi/mi/basic.nhn?code=136990,9.23
인랑,20170942,https://ssl.pstatic.net/imgmovie/mdi/mit110/1099/109906_P00_103901.jpg,https://movie.naver.com/movie/bi/mi/basic.nhn?code=109906,3.85
신비아파트: 금빛 도깨비와 비밀의 동굴,20185242,https://ssl.pstatic.net/imgmovie/mdi/mit110/1748/174805_P12_100714.jpg,https://movie.naver.com/movie/bi/mi/basic.nhn?code=174805,8.72
앤트맨과 와스프,20180522,https://ssl.pstatic.net/imgmovie/mdi/mit110/1443/144330_P05_110325.jpg,https://movie.naver.com/movie/bi/mi/basic.nhn?code=144330,8.62
마녀,20185341,https://ssl.pstatic.net/imgmovie/mdi/mit110/1866/186657_P01_113547.jpg,https://movie.naver.com/movie/bi/mi/basic.nhn?code=186657,10.00
스카이스크래퍼,20181443,https://ssl.pstatic.net/imgmovie/mdi/mit110/1603/160375_P06_173757.jpg,https://movie.naver.com/movie/bi/mi/basic.nhn?code=160375,7.63
어느 가족,20186121,https://ssl.pstatic.net/imgmovie/mdi/mit110/1721/172174_P20_110537.jpg,https://movie.naver.com/movie/bi/mi/basic.nhn?code=172174,9.21
독전: 익스텐디드 컷,20188042,https://ssl.pstatic.net/imgmovie/mdi/mit110/1581/158178_P57_114234.jpg,https://movie.naver.com/movie/bi/mi/basic.nhn?code=158178,7.53
신은 죽지 않았다 3: 어둠 속의 빛,20186001,https://ssl.pstatic.net/imgmovie/mdi/mit110/1723/172344_P10_103439.jpg,https://movie.naver.com/movie/bi/mi/basic.nhn?code=172344,8.38
신과함께-인과 연,20186202,https://ssl.pstatic.net/imgmovie/mdi/mit110/1676/167697_P01_113354.jpg,https://movie.naver.com/movie/bi/mi/basic.nhn?code=167697,7.71
극장판 헬로카봇 : 백악기 시대,20186501,https://ssl.pstatic.net/imgmovie/mdi/mit110/1757/175727_P08_154401.jpg,https://movie.naver.com/movie/bi/mi/basic.nhn?code=175727,9.23
맘마미아!2,20181942,https://ssl.pstatic.net/imgmovie/mdi/mit110/1641/164115_P50_104521.jpg,https://movie.naver.com/movie/bi/mi/basic.nhn?code=164115,8.96
공작,20179101,https://ssl.pstatic.net/imgmovie/mdi/mit110/1536/153687_P54_102718.jpg,https://movie.naver.com/movie/bi/mi/basic.nhn?code=153687,6.85
몬스터 호텔 3,20184802,https://ssl.pstatic.net/imgmovie/mdi/mit110/1696/169643_P26_103310.jpg,https://movie.naver.com/movie/bi/mi/basic.nhn?code=169643,8.59
명탐정 코난 : 제로의 집행인,20187427,https://ssl.pstatic.net/imgmovie/mdi/mit110/1730/173019_P30_150613.jpg,https://movie.naver.com/movie/bi/mi/basic.nhn?code=173019,9.07
목격자,20170670,https://ssl.pstatic.net/imgmovie/mdi/mit110/1536/153642_P102_113909.jpg,https://movie.naver.com/movie/bi/mi/basic.nhn?code=153642,7.79
메가로돈,20183584,https://ssl.pstatic.net/imgmovie/mdi/mit110/1526/152661_P02_173353.jpg,https://movie.naver.com/movie/bi/mi/basic.nhn?code=152661,5.87
극장판 도라에몽: 진구의 보물섬,20187641,https://ssl.pstatic.net/imgmovie/mdi/mit110/1721/172118_P13_110330.jpg,https://movie.naver.com/movie/bi/mi/basic.nhn?code=172118,8.76
너의 결혼식,20153446,https://ssl.pstatic.net/imgmovie/mdi/mit110/1406/140652_P38_143110.jpg,https://movie.naver.com/movie/bi/mi/basic.nhn?code=140652,8.42
나를 차버린 스파이,20187647,https://ssl.pstatic.net/imgmovie/mdi/mit110/1676/167602_P09_101816.jpg,https://movie.naver.com/movie/bi/mi/basic.nhn?code=167602,7.91
마일22,20187657,https://ssl.pstatic.net/imgmovie/mdi/mit110/1714/171499_P38_160259.jpg,https://movie.naver.com/movie/bi/mi/basic.nhn?code=171499,7.41
서치,20185046,https://ssl.pstatic.net/imgmovie/mdi/mit110/1845/184543_P01_155230.png,https://movie.naver.com/movie/bi/mi/basic.nhn?code=184543,0.00
상류사회,20177537,https://ssl.pstatic.net/imgmovie/mdi/mit110/1720/172010_P10_141651.jpg,https://movie.naver.com/movie/bi/mi/basic.nhn?code=172010,4.25
그래비티,20139221,https://ssl.pstatic.net/imgmovie/mdi/mit110/1809/180901_P01_161910.jpg,https://movie.naver.com/movie/bi/mi/basic.nhn?code=180901,0.00
업그레이드,20189362,https://ssl.pstatic.net/imgmovie/mdi/mit110/1746/174626_P11_140653.jpg,https://movie.naver.com/movie/bi/mi/basic.nhn?code=174626,9.02
어드리프트:우리가 함께한 바다,20189261,https://ssl.pstatic.net/imgmovie/mdi/mit110/1727/172768_P23_140008.jpg,https://movie.naver.com/movie/bi/mi/basic.nhn?code=172768,8.73
물괴,20156554,https://ssl.pstatic.net/imgmovie/mdi/mit110/1329/132996_P35_100121.jpg,https://movie.naver.com/movie/bi/mi/basic.nhn?code=132996,4.82
더 프레데터,20188581,https://ssl.pstatic.net/imgmovie/mdi/mit110/1273/127335_P10_172314.jpg,https://movie.naver.com/movie/bi/mi/basic.nhn?code=127335,5.82
안시성,20176122,https://ssl.pstatic.net/imgmovie/mdi/mit110/1635/163533_P99_105455.jpg,https://movie.naver.com/movie/bi/mi/basic.nhn?code=163533,8.00
명당,20172204,https://ssl.pstatic.net/imgmovie/mdi/mit110/1629/162981_P72_153440.jpg,https://movie.naver.com/movie/bi/mi/basic.nhn?code=162981,7.06
협상,20177308,https://ssl.pstatic.net/imgmovie/mdi/mit110/1641/164106_P16_135532.jpg,https://movie.naver.com/movie/bi/mi/basic.nhn?code=164106,7.36
더 넌,20189262,https://ssl.pstatic.net/imgmovie/mdi/mit110/1680/168049_P02_145901.jpg,https://movie.naver.com/movie/bi/mi/basic.nhn?code=168049,6.67
극장판 요괴워치 섀도사이드: 도깨비왕의 부활,20188304,https://ssl.pstatic.net/imgmovie/mdi/mit110/1704/170496_P19_142149.jpg,https://movie.naver.com/movie/bi/mi/basic.nhn?code=170496,8.84
루이스,20189268,https://ssl.pstatic.net/imgmovie/mdi/mit110/1851/185166_P01_162115.jpg,https://movie.naver.com/movie/bi/mi/basic.nhn?code=185166,0.00
원더풀 고스트,20167903,https://ssl.pstatic.net/imgmovie/mdi/mit110/1521/152156_P76_134247.jpg,https://movie.naver.com/movie/bi/mi/basic.nhn?code=152156,6.63
에그엔젤 코코밍: 두근두근 핼러윈 파티,20180167,https://ssl.pstatic.net/imgmovie/mdi/mit110/1784/178426_P18_102633.jpg,https://movie.naver.com/movie/bi/mi/basic.nhn?code=178426,5.33
극장판 뽀잉: 슈퍼 변신의 비밀,20189746,https://ssl.pstatic.net/imgmovie/mdi/mit110/1784/178445_P01_100308.jpg,https://movie.naver.com/movie/bi/mi/basic.nhn?code=178445,9.00
베놈,20177221,https://ssl.pstatic.net/imgmovie/mdi/mit110/1194/119428_P08_114709.jpg,https://movie.naver.com/movie/bi/mi/basic.nhn?code=119428,7.90
암수살인,20179189,https://ssl.pstatic.net/imgmovie/mdi/mit110/1671/167105_P28_103614.jpg,https://movie.naver.com/movie/bi/mi/basic.nhn?code=167105,8.32
곰돌이 푸 다시 만나 행복해,20189123,https://ssl.pstatic.net/imgmovie/mdi/mit110/1680/168023_P15_161116.jpg,https://movie.naver.com/movie/bi/mi/basic.nhn?code=168023,8.95
셜록 놈즈,20189462,https://ssl.pstatic.net/imgmovie/mdi/mit110/1586/158620_P19_101107.jpg,https://movie.naver.com/movie/bi/mi/basic.nhn?code=158620,8.51
미쓰백,20189067,https://ssl.pstatic.net/imgmovie/mdi/mit110/1553/155356_P29_104216.jpg,https://movie.naver.com/movie/bi/mi/basic.nhn?code=155356,9.10
스타 이즈 본,20180523,https://ssl.pstatic.net/imgmovie/mdi/mit110/1680/168050_P19_100458.jpg,https://movie.naver.com/movie/bi/mi/basic.nhn?code=168050,9.15
다이노 어드벤처2: 육해공 공룡 대백과,20180770,https://ssl.pstatic.net/imgmovie/mdi/mit110/1784/178402_P16_115047.jpg,https://movie.naver.com/movie/bi/mi/basic.nhn?code=178402,5.15
에브리데이,20188661,https://ssl.pstatic.net/imgmovie/mdi/mit110/1708/170824_P15_182407.jpg,https://movie.naver.com/movie/bi/mi/basic.nhn?code=170824,7.53
퍼스트맨,20186321,https://ssl.pstatic.net/imgmovie/mdi/mit110/1680/168058_P18_101211.jpg,https://movie.naver.com/movie/bi/mi/basic.nhn?code=168058,6.95
배반의 장미,20184678,https://ssl.pstatic.net/imgmovie/mdi/mit110/1748/174807_P19_111000.jpg,https://movie.naver.com/movie/bi/mi/basic.nhn?code=174807,5.35
펭귄 하이웨이,20187521,https://ssl.pstatic.net/imgmovie/mdi/mit110/1773/177381_P01_144141.jpg,https://movie.naver.com/movie/bi/mi/basic.nhn?code=177381,6.63
액슬,20180628,https://ssl.pstatic.net/imgmovie/mdi/mit110/1674/167481_P05_145414.jpg,https://movie.naver.com/movie/bi/mi/basic.nhn?code=167481,7.03
창궐,20174981,https://ssl.pstatic.net/imgmovie/mdi/mit110/1604/160487_P48_113750.jpg,https://movie.naver.com/movie/bi/mi/basic.nhn?code=160487,5.07
크레이지 리치 아시안,20182403,https://ssl.pstatic.net/imgmovie/mdi/mit110/1680/168047_P06_140254.jpg,https://movie.naver.com/movie/bi/mi/basic.nhn?code=168047,7.05
해리포터와 마법사의 돌,20010291,https://ssl.pstatic.net/imgmovie/mdi/mit110/0306/30688_P28_142632.jpg,https://movie.naver.com/movie/bi/mi/basic.nhn?code=30688,9.22
완벽한 타인,20177538,https://ssl.pstatic.net/imgmovie/mdi/mit110/1676/167638_P71_133542.jpg,https://movie.naver.com/movie/bi/mi/basic.nhn?code=167638,8.63
보헤미안 랩소디,20185485,https://ssl.pstatic.net/imgmovie/mdi/mit110/1564/156464_P49_182103.jpg,https://movie.naver.com/movie/bi/mi/basic.nhn?code=156464,9.42
벽 속에 숨은 마법시계,20181404,https://ssl.pstatic.net/imgmovie/mdi/mit110/1641/164155_P03_122329.jpg,https://movie.naver.com/movie/bi/mi/basic.nhn?code=164155,6.03
할로윈,20180987,https://ssl.pstatic.net/imgmovie/mdi/mit110/1708/170879_P03_161546.jpg,https://movie.naver.com/movie/bi/mi/basic.nhn?code=170879,6.30
동네사람들,20170513,https://ssl.pstatic.net/imgmovie/mdi/mit110/1666/166610_P58_154049.jpg,https://movie.naver.com/movie/bi/mi/basic.nhn?code=166610,5.33
바울,20181171,https://ssl.pstatic.net/imgmovie/mdi/mit110/1736/173692_P12_102159.jpg,https://movie.naver.com/movie/bi/mi/basic.nhn?code=173692,9.17
여곡성,20179006,https://ssl.pstatic.net/imgmovie/mdi/mit110/1717/171750_P05_173050.jpg,https://movie.naver.com/movie/bi/mi/basic.nhn?code=171750,4.21
구스범스: 몬스터의 역습,20182693,https://ssl.pstatic.net/imgmovie/mdi/mit110/1728/172819_P01_163303.jpg,https://movie.naver.com/movie/bi/mi/basic.nhn?code=172819,7.39
신비한 동물들과 그린델왈드의 범죄,20176814,https://ssl.pstatic.net/imgmovie/mdi/mit110/1542/154255_P24_095824.jpg,https://movie.naver.com/movie/bi/mi/basic.nhn?code=154255,6.18
번 더 스테이지: 더 무비,20183050,https://ssl.pstatic.net/imgmovie/mdi/mit110/1763/176354_P13_150227.jpg,https://movie.naver.com/movie/bi/mi/basic.nhn?code=176354,9.31
성난황소,20184481,https://ssl.pstatic.net/imgmovie/mdi/mit110/1748/174835_P26_105639.jpg,https://movie.naver.com/movie/bi/mi/basic.nhn?code=174835,7.52
출국,20182935,https://ssl.pstatic.net/imgmovie/mdi/mit110/1864/186453_P03_141045.jpg,https://movie.naver.com/movie/bi/mi/basic.nhn?code=186453,0.00
너의 췌장을 먹고 싶어,20186822,https://ssl.pstatic.net/imgmovie/mdi/mit110/1753/175318_P15_105507.jpg,https://movie.naver.com/movie/bi/mi/basic.nhn?code=175318,8.25
해피 투게더,20189869,https://ssl.pstatic.net/imgmovie/mdi/mit110/1641/164147_P46_165808.jpg,https://movie.naver.com/movie/bi/mi/basic.nhn?code=164147,7.49
베일리 어게인,20183073,https://ssl.pstatic.net/imgmovie/mdi/mit110/1449/144906_P15_103017.jpg,https://movie.naver.com/movie/bi/mi/basic.nhn?code=144906,9.53
툴리,20182669,https://ssl.pstatic.net/imgmovie/mdi/mit110/1546/154653_P12_102646.jpg,https://movie.naver.com/movie/bi/mi/basic.nhn?code=154653,8.84
국가부도의 날,20177552,https://ssl.pstatic.net/imgmovie/mdi/mit110/1641/164192_P45_134107.jpg,https://movie.naver.com/movie/bi/mi/basic.nhn?code=164192,8.16
후드,20181905,https://ssl.pstatic.net/imgmovie/mdi/mit110/1826/182650_P01_181030.jpg,https://movie.naver.com/movie/bi/mi/basic.nhn?code=182650,0.00
거미줄에 걸린 소녀,20183007,https://ssl.pstatic.net/imgmovie/mdi/mit110/1618/161868_P24_151256.jpg,https://movie.naver.com/movie/bi/mi/basic.nhn?code=161868,7.88
투 프렌즈,20182966,https://ssl.pstatic.net/imgmovie/mdi/mit110/1791/179138_P01_151818.jpg,https://movie.naver.com/movie/bi/mi/basic.nhn?code=179138,4.54
도어락,20179230,https://ssl.pstatic.net/imgmovie/mdi/mit110/1717/171755_P39_140011.jpg,https://movie.naver.com/movie/bi/mi/basic.nhn?code=171755,6.01
호두까기 인형과 4개의 왕국,20189843,https://ssl.pstatic.net/imgmovie/mdi/mit110/1586/158622_P18_142307.jpg,https://movie.naver.com/movie/bi/mi/basic.nhn?code=158622,7.16
모털 엔진,20178825,https://ssl.pstatic.net/imgmovie/mdi/mit110/1564/156496_P24_153246.jpg,https://movie.naver.com/movie/bi/mi/basic.nhn?code=156496,6.15
런닝맨 : 풀룰루의 역습,20183745,https://ssl.pstatic.net/imgmovie/mdi/mit110/1803/180384_P14_152246.jpg,https://movie.naver.com/movie/bi/mi/basic.nhn?code=180384,7.73
스파이더맨: 뉴 유니버스,20183238,https://ssl.pstatic.net/imgmovie/mdi/mit110/1717/171725_P18_175530.jpg,https://movie.naver.com/movie/bi/mi/basic.nhn?code=171725,9.21
부탁 하나만 들어줘,20182082,https://ssl.pstatic.net/imgmovie/mdi/mit110/1714/171452_P19_174244.jpg,https://movie.naver.com/movie/bi/mi/basic.nhn?code=171452,7.81
스윙키즈,20175547,https://ssl.pstatic.net/imgmovie/mdi/mit110/1641/164101_P62_155759.jpg,https://movie.naver.com/movie/bi/mi/basic.nhn?code=164101,8.36
아쿠아맨,20180290,https://ssl.pstatic.net/imgmovie/mdi/mit110/1511/151153_P19_095147.jpg,https://movie.naver.com/movie/bi/mi/basic.nhn?code=151153,8.35
마약왕,20168773,https://ssl.pstatic.net/imgmovie/mdi/mit110/1572/157297_P23_134212.jpg,https://movie.naver.com/movie/bi/mi/basic.nhn?code=157297,6.33
그린치,20182421,https://ssl.pstatic.net/imgmovie/mdi/mit110/1506/150688_P30_101919.jpg,https://movie.naver.com/movie/bi/mi/basic.nhn?code=150688,8.33
극장판 짱구는 못말려: 아뵤! 쿵후 보이즈 ~라면 대란~,20183479,https://ssl.pstatic.net/imgmovie/mdi/mit110/1729/172975_P10_141815.jpg,https://movie.naver.com/movie/bi/mi/basic.nhn?code=172975,8.29
극장판 포켓몬스터 모두의 이야기,20183375,https://ssl.pstatic.net/imgmovie/mdi/mit110/1721/172187_P19_110125.jpg,https://movie.naver.com/movie/bi/mi/basic.nhn?code=172187,8.97
범블비,20186281,https://ssl.pstatic.net/imgmovie/mdi/mit110/1641/164139_P12_153521.jpg,https://movie.naver.com/movie/bi/mi/basic.nhn?code=164139,8.09
PMC: 더 벙커,20170658,https://ssl.pstatic.net/imgmovie/mdi/mit110/1660/166092_P35_104446.jpg,https://movie.naver.com/movie/bi/mi/basic.nhn?code=166092,5.21
점박이 한반도의 공룡2 : 새로운 낙원,20183785,https://ssl.pstatic.net/imgmovie/mdi/mit110/1803/180379_P32_111508.jpg,https://movie.naver.com/movie/bi/mi/basic.nhn?code=180379,9.13
주먹왕 랄프 2: 인터넷 속으로,20189463,https://ssl.pstatic.net/imgmovie/mdi/mit110/1526/152632_P19_104759.jpg,https://movie.naver.com/movie/bi/mi/basic.nhn?code=152632,8.68
언니,20184187,https://ssl.pstatic.net/imgmovie/mdi/mit110/1874/187444_P01_113615.jpg,https://movie.naver.com/movie/bi/mi/basic.nhn?code=187444,8.33
말모이,20184105,https://ssl.pstatic.net/imgmovie/mdi/mit110/1676/167699_P40_175859.jpg,https://movie.naver.com/movie/bi/mi/basic.nhn?code=167699,9.07
내안의 그놈,20176251,https://ssl.pstatic.net/imgmovie/mdi/mit110/1641/164172_P08_114039.jpg,https://movie.naver.com/movie/bi/mi/basic.nhn?code=164172,8.19
극장판 공룡메카드: 타이니소어의 섬,20183915,https://ssl.pstatic.net/imgmovie/mdi/mit110/1803/180372_P16_101254.jpg,https://movie.naver.com/movie/bi/mi/basic.nhn?code=180372,9.14
그린 북,20184574,https://ssl.pstatic.net/imgmovie/mdi/mit110/1715/171539_P26_135622.jpg,https://movie.naver.com/movie/bi/mi/basic.nhn?code=171539,9.61
글래스,20182544,https://ssl.pstatic.net/imgmovie/mdi/mit110/1638/163826_P07_174644.jpg,https://movie.naver.com/movie/bi/mi/basic.nhn?code=163826,7.40
언더독,20186324,https://ssl.pstatic.net/imgmovie/mdi/mit110/1443/144318_P19_100103.jpg,https://movie.naver.com/movie/bi/mi/basic.nhn?code=144318,9.31
미래의 미라이,20182588,https://ssl.pstatic.net/imgmovie/mdi/mit110/1721/172137_P12_134909.jpg,https://movie.naver.com/movie/bi/mi/basic.nhn?code=172137,6.05
극한직업,20182530,https://ssl.pstatic.net/imgmovie/mdi/mit110/1676/167651_P106_141030.jpg,https://movie.naver.com/movie/bi/mi/basic.nhn?code=167651,8.53
러브 유어셀프 인 서울,20185124,https://ssl.pstatic.net/imgmovie/mdi/mit110/1802/180220_P01_102406.jpg,https://movie.naver.com/movie/bi/mi/basic.nhn?code=180220,9.28
몬스터 파크,20189385,https://ssl.pstatic.net/imgmovie/mdi/mit110/1680/168056_P10_100606.jpg,https://movie.naver.com/movie/bi/mi/basic.nhn?code=168056,7.19
뺑반,20180868,https://ssl.pstatic.net/imgmovie/mdi/mit110/1641/164173_P45_171744.jpg,https://movie.naver.com/movie/bi/mi/basic.nhn?code=164173,6.08
드래곤 길들이기 3,20186261,https://ssl.pstatic.net/imgmovie/mdi/mit110/1091/109193_P21_103935.jpg,https://movie.naver.com/movie/bi/mi/basic.nhn?code=109193,9.24
극장판 헬로카봇: 옴파로스 섬의 비밀,20185478,https://ssl.pstatic.net/imgmovie/mdi/mit110/1815/181554_P23_112202.jpg,https://movie.naver.com/movie/bi/mi/basic.nhn?code=181554,8.75
가버나움,20184896,https://ssl.pstatic.net/imgmovie/mdi/mit110/1748/174830_P17_104205.jpg,https://movie.naver.com/movie/bi/mi/basic.nhn?code=174830,9.59
알리타: 배틀 엔젤,20188282,https://ssl.pstatic.net/imgmovie/mdi/mit110/0667/66728_P38_102726.jpg,https://movie.naver.com/movie/bi/mi/basic.nhn?code=66728,8.71
레고 무비2,20185444,https://ssl.pstatic.net/imgmovie/mdi/mit110/1254/125438_P06_114959.jpg,https://movie.naver.com/movie/bi/mi/basic.nhn?code=125438,8.73
증인,20185881,https://ssl.pstatic.net/imgmovie/mdi/mit110/1773/177374_P100_112832.jpg,https://movie.naver.com/movie/bi/mi/basic.nhn?code=177374,9.07
해피 데스데이 2 유,20195915,https://ssl.pstatic.net/imgmovie/mdi/mit110/1814/181411_P02_101349.jpg,https://movie.naver.com/movie/bi/mi/basic.nhn?code=181411,7.39
기묘한 가족,20174169,https://ssl.pstatic.net/imgmovie/mdi/mit110/1690/169078_P66_101231.jpg,https://movie.naver.com/movie/bi/mi/basic.nhn?code=169078,5.89
메리 포핀스 리턴즈,20184888,https://ssl.pstatic.net/imgmovie/mdi/mit110/1511/151151_P24_105029.jpg,https://movie.naver.com/movie/bi/mi/basic.nhn?code=151151,8.18
명탐정 코난:전율의 악보,20162003,https://ssl.pstatic.net/imgmovie/mdi/mit110/0482/48233_P05_140218.jpg,https://movie.naver.com/movie/bi/mi/basic.nhn?code=48233,8.29
사바하,20177539,https://ssl.pstatic.net/imgmovie/mdi/mit110/1670/167099_P13_101134.jpg,https://movie.naver.com/movie/bi/mi/basic.nhn?code=167099,7.20
신데렐라:마법 반지의 비밀,20195743,https://ssl.pstatic.net/imgmovie/mdi/mit110/1819/181959_P11_114544.jpg,https://movie.naver.com/movie/bi/mi/basic.nhn?code=181959,6.37
해리포터와 비밀의 방,20020222,https://ssl.pstatic.net/imgmovie/mdi/mit110/0339/C3930-06.jpg,https://movie.naver.com/movie/bi/mi/basic.nhn?code=33930,8.86
콜드 체이싱,20185576,https://ssl.pstatic.net/imgmovie/mdi/mit110/1814/181409_P30_100656.jpg,https://movie.naver.com/movie/bi/mi/basic.nhn?code=181409,6.58
항거:유관순 이야기,20196601,https://ssl.pstatic.net/imgmovie/mdi/mit110/1823/182360_P11_140223.jpg,https://movie.naver.com/movie/bi/mi/basic.nhn?code=182360,8.59
자전차왕 엄복동,20176442,https://ssl.pstatic.net/imgmovie/mdi/mit110/1590/159070_P13_114738.jpg,https://movie.naver.com/movie/bi/mi/basic.nhn?code=159070,3.84
"어쩌다, 결혼",20195791,https://ssl.pstatic.net/imgmovie/mdi/mit110/1676/167629_P17_105046.jpg,https://movie.naver.com/movie/bi/mi/basic.nhn?code=167629,4.50
더 페이버릿: 여왕의 여자,20180937,https://ssl.pstatic.net/imgmovie/mdi/mit110/1489/148909_P29_164758.jpg,https://movie.naver.com/movie/bi/mi/basic.nhn?code=148909,8.77
캡틴 마블,20181877,https://ssl.pstatic.net/imgmovie/mdi/mit110/1326/132623_P22_133853.jpg,https://movie.naver.com/movie/bi/mi/basic.nhn?code=132623,6.74
리노,20177282,https://ssl.pstatic.net/imgmovie/mdi/mit110/1709/170953_P08_140411.jpg,https://movie.naver.com/movie/bi/mi/basic.nhn?code=170953,8.10
이스케이프 룸,20197283,https://ssl.pstatic.net/imgmovie/mdi/mit110/1804/180425_P19_175210.jpg,https://movie.naver.com/movie/bi/mi/basic.nhn?code=180425,7.63
돈,20176103,https://ssl.pstatic.net/imgmovie/mdi/mit110/1852/185267_P03_110346.jpg,https://movie.naver.com/movie/bi/mi/basic.nhn?code=185267,7.42
라스트 미션,20197356,https://ssl.pstatic.net/imgmovie/mdi/mit110/1799/179974_P01_153621.jpg,https://movie.naver.com/movie/bi/mi/basic.nhn?code=179974,8.82
숲속왕국의 꿀벌 여왕,20196723,https://ssl.pstatic.net/imgmovie/mdi/mit110/1822/182206_P12_121114.jpg,https://movie.naver.com/movie/bi/mi/basic.nhn?code=182206,8.63
악질경찰,20197846,https://ssl.pstatic.net/imgmovie/mdi/mit110/1535/153580_P24_103637.jpg,https://movie.naver.com/movie/bi/mi/basic.nhn?code=153580,5.78
우상,20175407,https://ssl.pstatic.net/imgmovie/mdi/mit110/1619/161984_P61_144815.jpg,https://movie.naver.com/movie/bi/mi/basic.nhn?code=161984,3.94
페이트 스테이 나이트 헤븐즈필 제2장 로스트 버터플라이,20198603,https://ssl.pstatic.net/imgmovie/mdi/mit110/1692/169263_P01_094955.jpg,https://movie.naver.com/movie/bi/mi/basic.nhn?code=169263,7.93
정글북: 마법 원정대,20197617,https://ssl.pstatic.net/imgmovie/mdi/mit110/1490/149022_P12_110503.jpg,https://movie.naver.com/movie/bi/mi/basic.nhn?code=149022,6.94
어스,20185352,https://ssl.pstatic.net/imgmovie/mdi/mit110/1814/181414_P24_174349.jpg,https://movie.naver.com/movie/bi/mi/basic.nhn?code=181414,6.82
덤보,20196025,https://ssl.pstatic.net/imgmovie/mdi/mit110/1637/163787_P33_174808.jpg,https://movie.naver.com/movie/bi/mi/basic.nhn?code=163787,8.94
장난스런 키스,20183773,https://ssl.pstatic.net/imgmovie/mdi/mit110/1803/180381_P17_103533.jpg,https://movie.naver.com/movie/bi/mi/basic.nhn?code=180381,8.27
썬키스 패밀리,20166301,https://ssl.pstatic.net/imgmovie/mdi/mit110/1526/152624_P34_161443.jpg,https://movie.naver.com/movie/bi/mi/basic.nhn?code=152624,5.93
1919 유관순,20197483,https://ssl.pstatic.net/imgmovie/mdi/mit110/1824/182407_P00_105405.jpg,https://movie.naver.com/movie/bi/mi/basic.nhn?code=182407,8.29
콜레트,20198146,https://ssl.pstatic.net/imgmovie/mdi/mit110/1715/171533_P29_143351.jpg,https://movie.naver.com/movie/bi/mi/basic.nhn?code=171533,8.67
샤잠!,20196244,https://ssl.pstatic.net/imgmovie/mdi/mit110/1406/140649_P11_111034.jpg,https://movie.naver.com/movie/bi/mi/basic.nhn?code=140649,5.84
생일,20183096,https://ssl.pstatic.net/imgmovie/mdi/mit110/1740/174050_P32_172314.jpg,https://movie.naver.com/movie/bi/mi/basic.nhn?code=174050,7.15
로망,20197092,https://ssl.pstatic.net/imgmovie/mdi/mit110/1823/182348_P02_174720.jpg,https://movie.naver.com/movie/bi/mi/basic.nhn?code=182348,9.30
바이스,20198104,https://ssl.pstatic.net/imgmovie/mdi/mit110/1680/168045_P15_100136.jpg,https://movie.naver.com/movie/bi/mi/basic.nhn?code=168045,8.47
헬보이,20185406,https://ssl.pstatic.net/imgmovie/mdi/mit110/1642/164200_P05_105455.jpg,https://movie.naver.com/movie/bi/mi/basic.nhn?code=164200,6.88
미성년,20180825,https://ssl.pstatic.net/imgmovie/mdi/mit110/1717/171785_P84_181225.jpg,https://movie.naver.com/movie/bi/mi/basic.nhn?code=171785,8.31
공포의 묘지,20197423,https://ssl.pstatic.net/imgmovie/mdi/mit110/1814/181419_P28_165542.jpg,https://movie.naver.com/movie/bi/mi/basic.nhn?code=181419,4.86
파이브 피트,20198403,https://ssl.pstatic.net/imgmovie/mdi/mit110/1819/181912_P10_135327.jpg,https://movie.naver.com/movie/bi/mi/basic.nhn?code=181912,8.98
요로나의 저주,20183454,https://ssl.pstatic.net/imgmovie/mdi/mit110/1803/180399_P00_154546.jpg,https://movie.naver.com/movie/bi/mi/basic.nhn?code=180399,6.90
크게 될 놈,20198982,https://ssl.pstatic.net/imgmovie/mdi/mit110/1598/159845_P12_102707.jpg,https://movie.naver.com/movie/bi/mi/basic.nhn?code=159845,8.84
왓칭,20182501,https://ssl.pstatic.net/imgmovie/mdi/mit110/1736/173667_P27_101947.jpg,https://movie.naver.com/movie/bi/mi/basic.nhn?code=173667,5.30
아이 엠 마더,20198844,https://ssl.pstatic.net/imgmovie/mdi/mit110/1830/183063_P01_142452.jpg,https://movie.naver.com/movie/bi/mi/basic.nhn?code=183063,0.00
어벤져스: 엔드게임,20184889,https://ssl.pstatic.net/imgmovie/mdi/mit110/1369/136900_P57_104126.jpg,https://movie.naver.com/movie/bi/mi/basic.nhn?code=136900,9.39
뽀로로 극장판 보물섬 대모험,20198183,https://ssl.pstatic.net/imgmovie/mdi/mit110/1831/183136_P10_134628.jpg,https://movie.naver.com/movie/bi/mi/basic.nhn?code=183136,9.28
노팅 힐,19990220,https://ssl.pstatic.net/imgmovie/mdi/mit110/0248/24830_P18_133358.jpg,https://movie.naver.com/movie/bi/mi/basic.nhn?code=24830,9.07
나의 특별한 형제,20185784,https://ssl.pstatic.net/imgmovie/mdi/mit110/1753/175366_P31_101140.jpg,https://movie.naver.com/movie/bi/mi/basic.nhn?code=175366,8.90
명탐정 피카츄,20198598,https://ssl.pstatic.net/imgmovie/mdi/mit110/1676/167657_P03_163928.jpg,https://movie.naver.com/movie/bi/mi/basic.nhn?code=167657,8.12
어글리 돌,20197147,https://ssl.pstatic.net/imgmovie/mdi/mit110/1820/182012_P08_135215.jpg,https://movie.naver.com/movie/bi/mi/basic.nhn?code=182012,9.18
안도 타다오,20169323,https://ssl.pstatic.net/imgmovie/mdi/mit110/1488/148863_P10_094956.jpg,https://movie.naver.com/movie/bi/mi/basic.nhn?code=148863,8.35
판의 미로 - 오필리아와 세 개의 열쇠,20060347,https://ssl.pstatic.net/imgmovie/mdi/mit110/0493/49336_P59_105053.jpg,https://movie.naver.com/movie/bi/mi/basic.nhn?code=49336,7.90
프렌즈: 둥지탈출,20199736,https://ssl.pstatic.net/imgmovie/mdi/mit110/1842/184253_P10_155905.jpg,https://movie.naver.com/movie/bi/mi/basic.nhn?code=184253,8.86
걸캅스,20184082,https://ssl.pstatic.net/imgmovie/mdi/mit110/1868/186899_P01_111320.jpg,https://movie.naver.com/movie/bi/mi/basic.nhn?code=186899,10.00
호텔 뭄바이,20185384,https://ssl.pstatic.net/imgmovie/mdi/mit110/1650/165022_P15_153454.jpg,https://movie.naver.com/movie/bi/mi/basic.nhn?code=165022,9.11
악인전,20188941,https://ssl.pstatic.net/imgmovie/mdi/mit110/1779/177967_P50_114447.jpg,https://movie.naver.com/movie/bi/mi/basic.nhn?code=177967,7.93
배심원들,20187981,https://ssl.pstatic.net/imgmovie/mdi/mit110/1774/177483_P122_133507.jpg,https://movie.naver.com/movie/bi/mi/basic.nhn?code=177483,8.91
교회오빠,20198597,https://ssl.pstatic.net/imgmovie/mdi/mit110/1831/183132_P05_134901.jpg,https://movie.naver.com/movie/bi/mi/basic.nhn?code=183132,9.28
서스페리아,20197503,https://ssl.pstatic.net/imgmovie/mdi/mit110/1515/151550_P22_095949.jpg,https://movie.naver.com/movie/bi/mi/basic.nhn?code=151550,6.87
알라딘,20183867,https://ssl.pstatic.net/imgmovie/mdi/mit110/1637/163788_P18_105943.jpg,https://movie.naver.com/movie/bi/mi/basic.nhn?code=163788,9.43
어린 의뢰인,20199448,https://ssl.pstatic.net/imgmovie/mdi/mit110/1801/180169_P64_101528.jpg,https://movie.naver.com/movie/bi/mi/basic.nhn?code=180169,9.01
더 보이,20199822,https://ssl.pstatic.net/imgmovie/mdi/mit110/1817/181701_P09_111143.jpg,https://movie.naver.com/movie/bi/mi/basic.nhn?code=181701,4.95
기생충,20183782,https://ssl.pstatic.net/imgmovie/mdi/mit110/1619/161967_P80_151640.jpg,https://movie.naver.com/movie/bi/mi/basic.nhn?code=161967,8.50
고질라: 킹 오브 몬스터,20184865,https://ssl.pstatic.net/imgmovie/mdi/mit110/1373/137327_P17_171853.jpg,https://movie.naver.com/movie/bi/mi/basic.nhn?code=137327,7.25
0.0MHz,20188144,https://ssl.pstatic.net/imgmovie/mdi/mit110/1773/177371_P20_114332.jpg,https://movie.naver.com/movie/bi/mi/basic.nhn?code=177371,5.05
엑스맨: 다크 피닉스,20182387,https://ssl.pstatic.net/imgmovie/mdi/mit110/1641/164125_P65_143635.jpg,https://movie.naver.com/movie/bi/mi/basic.nhn?code=164125,6.47
이웃집 토토로,19880001,https://ssl.pstatic.net/imgmovie/mdi/mit110/0187/18781_P40_110031.jpg,https://movie.naver.com/movie/bi/mi/basic.nhn?code=18781,9.26
로켓맨,20198291,https://ssl.pstatic.net/imgmovie/mdi/mit110/1817/181704_P35_105923.jpg,https://movie.naver.com/movie/bi/mi/basic.nhn?code=181704,8.13
빅샤크2: 해저2만리,20199063,https://ssl.pstatic.net/imgmovie/mdi/mit110/1838/183870_P25_095540.jpg,https://movie.naver.com/movie/bi/mi/basic.nhn?code=183870,8.05
맨 인 블랙: 인터내셔널,20196657,https://ssl.pstatic.net/imgmovie/mdi/mit110/0976/97631_P49_094859.jpg,https://movie.naver.com/movie/bi/mi/basic.nhn?code=97631,5.31
천로역정: 천국을 찾아서,20190273,https://ssl.pstatic.net/imgmovie/mdi/mit110/1838/183836_P33_161902.jpg,https://movie.naver.com/movie/bi/mi/basic.nhn?code=183836,8.75
업사이드,20191401,https://ssl.pstatic.net/imgmovie/mdi/mit110/1670/167053_P13_111013.jpg,https://movie.naver.com/movie/bi/mi/basic.nhn?code=167053,8.54
세상을 바꾼 변호인,20190466,https://ssl.pstatic.net/imgmovie/mdi/mit110/1378/137865_P17_113027.jpg,https://movie.naver.com/movie/bi/mi/basic.nhn?code=137865,8.89
토이 스토리 4,20184047,https://ssl.pstatic.net/imgmovie/mdi/mit110/1019/101966_P09_114632.jpg,https://movie.naver.com/movie/bi/mi/basic.nhn?code=101966,9.09
롱 리브 더 킹: 목포 영웅,20198453,https://ssl.pstatic.net/imgmovie/mdi/mit110/1791/179125_P44_162751.jpg,https://movie.naver.com/movie/bi/mi/basic.nhn?code=179125,7.64
존 윅 3: 파라벨룸,20196655,https://ssl.pstatic.net/imgmovie/mdi/mit110/1816/181698_P38_102749.jpg,https://movie.naver.com/movie/bi/mi/basic.nhn?code=181698,8.27
사탄의 인형,20190885,https://ssl.pstatic.net/imgmovie/mdi/mit110/1838/183820_P08_141424.jpg,https://movie.naver.com/movie/bi/mi/basic.nhn?code=183820,7.00
애나벨 집으로,20199951,https://ssl.pstatic.net/imgmovie/mdi/mit110/1838/183850_P16_113434.jpg,https://movie.naver.com/movie/bi/mi/basic.nhn?code=183850,6.74
비스트,20182585,https://ssl.pstatic.net/imgmovie/mdi/mit110/1798/179875_P37_142918.jpg,https://movie.naver.com/movie/bi/mi/basic.nhn?code=179875,5.57
마담 싸이코,20192022,https://ssl.pstatic.net/imgmovie/mdi/mit110/1676/167633_P18_100754.jpg,https://movie.naver.com/movie/bi/mi/basic.nhn?code=167633,6.91
스파이더맨: 파 프롬 홈,20196309,https://ssl.pstatic.net/imgmovie/mdi/mit110/1731/173123_P06_135928.jpg,https://movie.naver.com/movie/bi/mi/basic.nhn?code=173123,8.37
BIFAN2019 판타스틱 단편 걸작선 1,20192591,https://ssl.pstatic.net/imgmovie/mdi/mit110/1836/183666_P01_135734.jpg,https://movie.naver.com/movie/bi/mi/basic.nhn?code=183666,0.00
기방도령,20185353,https://ssl.pstatic.net/imgmovie/mdi/mit110/1802/180209_P42_134851.jpg,https://movie.naver.com/movie/bi/mi/basic.nhn?code=180209,5.91
진범,20185986,https://ssl.pstatic.net/imgmovie/mdi/mit110/1748/174834_P53_105510.jpg,https://movie.naver.com/movie/bi/mi/basic.nhn?code=174834,7.38
극장판 엉덩이 탐정: 화려한 사건 수첩,20191601,https://ssl.pstatic.net/imgmovie/mdi/mit110/1837/183783_P16_105340.jpg,https://movie.naver.com/movie/bi/mi/basic.nhn?code=183783,4.08
미드소마,20192151,https://ssl.pstatic.net/imgmovie/mdi/mit110/1820/182014_P09_102330.jpg,https://movie.naver.com/movie/bi/mi/basic.nhn?code=182014,6.92
